"ID";"Station";"Line";"AdmArea";"District";"MCDStation";"AeroexpressStation";"RailwayStation";"RailwayTerminal";"ObjectStatus";"global_id";
"Код";"Наименование станции";"Наименование линии";"Административный округ";"Район";"Станция МЦД";"Станция Аэроэкспресс";"Станция радиального железнодорожного направления";"Выход к железнодорожному вокзалу";"Статус объекта";"global_id";
"136";"Третьяковская";"Калининская линия";"Центральный административный округ";"район Замоскворечье";"[]";"[]";"[]";"[]";"действует";"58701962";
"86";"Медведково";"Калужско-Рижская линия";"Северо-Восточный административный округ";"район Северное Медведково";"[]";"[]";"[]";"[]";"действует";"58701963";
"41";"Первомайская";"Арбатско-Покровская линия";"Восточный административный округ";"район Измайлово";"[]";"[]";"[]";"[]";"действует";"58701964";
"104";"Калужская";"Калужско-Рижская линия";"Юго-Западный административный округ";"Обручевский район";"[]";"[]";"[]";"[]";"действует";"58701965";
"251";"Каховская";"Большая кольцевая линия";"Юго-Западный административный округ";"район Зюзино";"[]";"[]";"[]";"[]";"действует";"58701966";
"184";"Бульвар адмирала Ушакова";"Бутовская линия";"Юго-Западный административный округ";"район Южное Бутово";"[]";"[]";"[]";"[]";"действует";"58701967";
"28";"Павелецкая";"Замоскворецкая линия";"Центральный административный округ";"район Замоскворечье";"[]";"{global_id=1508979807, value=Павелецкий вокзал}";"{global_id=1272850186, value=Павелецкий вокзал}";"[{global_id=1058615635, value=Павелецкий}]";"действует";"58701968";
"172";"Волжская";"Люблинско-Дмитровская линия";"Юго-Восточный административный округ";"район Кузьминки";"[]";"[]";"[]";"[]";"действует";"58701969";
"99";"Шаболовская";"Калужско-Рижская линия";"Южный административный округ";"Донской район";"[]";"[]";"[]";"[]";"действует";"58701970";
"221";"Плющиха";"Солнцевская линия";"Центральный административный округ";"район Арбат";"[]";"[]";"[]";"[]";"строится";"58701971";
"142";"Тимирязевская";"Серпуховско-Тимирязевская линия";"Северный административный округ";"Тимирязевский район";"{global_id=1058907003, value=Тимирязевская}";"[]";"{global_id=1132046986, value=Тимирязевская}";"[]";"действует";"58701972";
"90";"ВДНХ";"Калужско-Рижская линия";"Северо-Восточный административный округ";"Останкинский район";"[]";"[]";"[]";"[]";"действует";"58701973";
"31";"Тверская";"Замоскворецкая линия";"Центральный административный округ";"Тверской район";"[]";"[]";"[]";"[]";"действует";"58701974";
"208";"Фонвизинская";"Люблинско-Дмитровская линия";"Северо-Восточный административный округ";"Бутырский район";"[]";"[]";"[]";"[]";"действует";"58701975";
"249";"Воронцовская";"Большая кольцевая линия";"Юго-Западный административный округ";"Обручевский район";"[]";"[]";"[]";"[]";"действует";"58701976";
"143";"Дмитровская";"Серпуховско-Тимирязевская линия";"Северо-Восточный административный округ";"Бутырский район";"{global_id=1058996666, value=Дмитровская}";"[]";"{global_id=1132155396, value=Дмитровская}";"[]";"действует";"58701978";
"103";"Новые Черёмушки";"Калужско-Рижская линия";"Юго-Западный административный округ";"район Черёмушки";"[]";"[]";"[]";"[]";"действует";"58701979";
"119";"Пушкинская";"Таганско-Краснопресненская линия";"Центральный административный округ";"Тверской район";"[]";"[]";"[]";"[]";"действует";"58701981";
"32";"Маяковская";"Замоскворецкая линия";"Центральный административный округ";"Тверской район";"[]";"[]";"[]";"[]";"действует";"58701982";
"231";"Нижегородская";"Некрасовская линия";"Юго-Восточный административный округ";"Нижегородский район";"{global_id=2616714661, value=Нижегородская}";"[]";"{global_id=1132155557, value=Нижегородская}";"[]";"действует";"58701983";
"89";"Ботанический сад";"Калужско-Рижская линия";"Северо-Восточный административный округ";"район Свиблово";"[]";"[]";"[]";"[]";"действует";"58701984";
"256";"Нижегородская";"Большая кольцевая линия";"Юго-Восточный административный округ";"Нижегородский район";"{global_id=2616714661, value=Нижегородская}";"[]";"{global_id=1132155557, value=Нижегородская}";"[]";"действует";"58701985";
"33";"Белорусская";"Замоскворецкая линия";"Центральный административный округ";"Тверской район";"{global_id=2616708142, value=Белорусская}";"{global_id=1508985008, value=Белорусский вокзал}";"{global_id=2616731767, value=Белорусская}";"[{global_id=1058611508, value=Белорусский}]";"действует";"58701986";
"20";"Красногвардейская";"Замоскворецкая линия";"Южный административный округ";"район Зябликово";"[]";"[]";"[]";"[]";"действует";"58701988";
"6";"Комсомольская";"Сокольническая линия";"Центральный административный округ";"Красносельский район";"{global_id=1059233585, value=Каланчевская}";"[]";"{global_id=1132155426, value=Ленинградский вокзал}";"[{global_id=1058613060, value=Ленинградский}, {global_id=1058611738, value=Казанский}]";"действует";"58701989";
"152";"Нагатинская";"Серпуховско-Тимирязевская линия";"Южный административный округ";"Нагорный район";"[]";"[]";"{global_id=1132155490, value=Нагатинская}";"[]";"действует";"58701990";
"137";"Алтуфьево";"Серпуховско-Тимирязевская линия";"Северо-Восточный административный округ";"район Бибирево";"[]";"[]";"[]";"[]";"действует";"58701991";
"268";"Новопеределкино";"Солнцевская линия";"Западный административный округ";"район Ново-Переделкино";"[]";"[]";"[]";"[]";"действует";"58701992";
"27";"Автозаводская";"Замоскворецкая линия";"Южный административный округ";"Даниловский район";"[]";"[]";"[]";"[]";"действует";"58701993";
"220";"Дорогомиловская";"Солнцевская линия";"Западный административный округ";"район Дорогомилово";"[]";"[]";"[]";"[]";"строится";"58701994";
"125";"Текстильщики";"Таганско-Краснопресненская линия";"Юго-Восточный административный округ";"район Текстильщики";"{global_id=1059235328, value=Текстильщики}";"[]";"{global_id=1132155413, value=Текстильщики}";"[]";"действует";"58701995";
"170";"Кожуховская";"Люблинско-Дмитровская линия";"Юго-Восточный административный округ";"Южнопортовый район";"[]";"[]";"[]";"[]";"действует";"58701996";
"175";"Марьино";"Люблинско-Дмитровская линия";"Юго-Восточный административный округ";"район Марьино";"[]";"[]";"[]";"[]";"действует";"58701997";
"77";"Павелецкая";"Кольцевая линия";"Центральный административный округ";"район Замоскворечье";"[]";"{global_id=1508979807, value=Павелецкий вокзал}";"{global_id=1272850186, value=Павелецкий вокзал}";"[{global_id=1058615635, value=Павелецкий}]";"действует";"58701998";
"3";"Преображенская площадь";"Сокольническая линия";"Восточный административный округ";"район Преображенское";"[]";"[]";"[]";"[]";"действует";"58701999";
"82";"Новослободская";"Кольцевая линия";"Центральный административный округ";"Тверской район";"[]";"[]";"[]";"[]";"действует";"58702000";
"65";"Фили";"Филёвская линия";"Западный административный округ";"район Филёвский Парк";"{global_id=1058903042, value=Фили}";"{global_id=1508985884, value=Фили}";"{global_id=1132155388, value=Фили}";"[]";"действует";"58702001";
"244";"Кунцевская";"Большая кольцевая линия";"Западный административный округ";"район Кунцево";"{global_id=1058901824, value=Кунцевская}";"{global_id=1508986102, value=Кунцевская}";"{global_id=1132155392, value=Кунцевская}";"[]";"действует";"58702002";
"21";"Домодедовская";"Замоскворецкая линия";"Южный административный округ";"район Орехово-Борисово Южное";"[]";"[]";"[]";"[]";"действует";"58702003";
"242";"Мнёвники";"Большая кольцевая линия";"Северо-Западный административный округ";"район Хорошёво-Мнёвники";"[]";"[]";"[]";"[]";"действует";"58702004";
"10";"Охотный ряд";"Сокольническая линия";"Центральный административный округ";"Тверской район";"[]";"[]";"[]";"[]";"действует";"58702005";
"129";"Новокосино";"Калининская линия";"Восточный административный округ";"район Новокосино";"{global_id=2616718100, value=Реутов}";"[]";"[]";"[]";"действует";"58702006";
"79";"Курская";"Кольцевая линия";"Центральный административный округ";"Басманный район";"{global_id=1059233904, value=Курская}";"[]";"{global_id=1132155409, value=Курская}";"[{global_id=1058614652, value=Курский}]";"действует";"58702007";
"228";"Лухмановская";"Некрасовская линия";"Восточный административный округ";"район Косино-Ухтомский";"[]";"[]";"[]";"[]";"действует";"58702008";
"163";"Достоевская";"Люблинско-Дмитровская линия";"Центральный административный округ";"Тверской район";"[]";"[]";"[]";"[]";"действует";"58702009";
"73";"Москва-Сити";"Филевская линия";"Центральный административный округ";"Пресненский район";"{global_id=1058903381, value=Тестовская (Москва-Сити)}";"{global_id=1508985132, value=Тестовская}";"{global_id=1132155494, value=Тестовская}";"[]";"действует";"58702011";
"176";"Борисово";"Люблинско-Дмитровская линия";"Южный административный округ";"район Зябликово";"[]";"[]";"[]";"[]";"действует";"58702012";
"116";"Беговая";"Таганско-Краснопресненская линия";"Центральный административный округ";"Пресненский район";"{global_id=1058905211, value=Беговая}";"{global_id=1721303669, value=Беговая}";"{global_id=1132155386, value=Беговая}";"[]";"действует";"58702014";
"243";"Терехово";"Большая кольцевая линия";"Северо-Западный административный округ";"район Хорошёво-Мнёвники";"[]";"[]";"[]";"[]";"действует";"58702015";
"222";"Третьяковская";"Солнцевская линия";"Центральный административный округ";"район Замоскворечье";"[]";"[]";"[]";"[]";"строится";"58702016";
"144";"Савёловская";"Серпуховско-Тимирязевская линия";"Северо-Восточный административный округ";"Бутырский район";"{global_id=1058906777, value=Савеловская}";"{global_id=1508984420, value=Савеловский вокзал}";"{global_id=1132046977, value=Савёловская}";"[{global_id=1058615229, value=Савеловский}]";"действует";"58702017";
"59";"Волоколамская";"Арбатско-Покровская линия";"Северо-Западный административный округ";"район Митино";"{global_id=1058982846, value=Волоколамская}";"[]";"{global_id=1132155513, value=Волоколамская}";"[]";"действует";"58702018";
"218";"Парк Победы";"Солнцевская линия";"Западный административный округ";"район Дорогомилово";"{global_id=2616702382, value=Поклонная}";"[]";"{global_id=1132155563, value=Поклонная}";"[]";"действует";"58702019";
"156";"Чертановская";"Серпуховско-Тимирязевская линия";"Южный административный округ";"район Чертаново Северное";"[]";"[]";"[]";"[]";"действует";"58702020";
"52";"Парк Победы";"Арбатско-Покровская линия";"Западный административный округ";"район Дорогомилово";"{global_id=2616702382, value=Поклонная}";"[]";"{global_id=1132155563, value=Поклонная}";"[]";"действует";"58702021";
"63";"Филёвский парк";"Филёвская линия";"Западный административный округ";"район Фили-Давыдково";"[]";"[]";"[]";"[]";"действует";"58702022";
"14";"Фрунзенская";"Сокольническая линия";"Центральный административный округ";"район Хамовники";"[]";"[]";"[]";"[]";"действует";"58702023";
"120";"Кузнецкий мост";"Таганско-Краснопресненская линия";"Центральный административный округ";"Мещанский район";"[]";"[]";"[]";"[]";"действует";"58702024";
"9";"Лубянка";"Сокольническая линия";"Центральный административный округ";"Тверской район";"[]";"[]";"[]";"[]";"действует";"58702025";
"38";"Водный стадион";"Замоскворецкая линия";"Северный административный округ";"Головинский район";"[]";"[]";"[]";"[]";"действует";"58702027";
"117";"Улица 1905 года";"Таганско-Краснопресненская линия";"Центральный административный округ";"Пресненский район";"[]";"[]";"[]";"[]";"действует";"58702028";
"224";"Ломоносовский проспект";"Солнцевская линия";"Западный административный округ";"район Раменки";"[]";"[]";"[]";"[]";"действует";"58702029";
"135";"Марксистская";"Калининская линия";"Центральный административный округ";"Таганский район";"[]";"[]";"[]";"[]";"действует";"58702030";
"267";"Боровское шоссе";"Солнцевская линия";"Западный административный округ";"район Ново-Переделкино";"[]";"[]";"[]";"[]";"действует";"58702031";
"43";"Партизанская";"Арбатско-Покровская линия";"Восточный административный округ";"район Измайлово";"[]";"[]";"[]";"[]";"действует";"58702032";
"159";"Улица академика Янгеля";"Серпуховско-Тимирязевская линия";"Южный административный округ";"район Чертаново Южное";"[]";"[]";"[]";"[]";"действует";"58702033";
"84";"Краснопресненская";"Кольцевая линия";"Центральный административный округ";"Пресненский район";"[]";"[]";"[]";"[]";"действует";"58702034";
"230";"Авиамоторная";"Большая кольцевая линия";"Юго-Восточный административный округ";"район Лефортово";"{global_id=2608948139, value=Авиамоторная}";"[]";"{global_id=1132155548, value=Авиамоторная}";"[]";"действует";"58702035";
"166";"Чкаловская";"Люблинско-Дмитровская линия";"Центральный административный округ";"Басманный район";"{global_id=2616712938, value=Курская}";"[]";"{global_id=1132155409, value=Курская}";"[{global_id=1058614652, value=Курский}]";"действует";"58702036";
"151";"Тульская";"Серпуховско-Тимирязевская линия";"Южный административный округ";"Даниловский район";"[]";"[]";"{global_id=1132155583, value=Тульская}";"[]";"действует";"58702037";
"204";"Лермонтовский проспект";"Таганско-Краснопресненская линия";"Юго-Восточный административный округ";"район Выхино-Жулебино";"{global_id=2608949026, value=Косино}";"[]";"{global_id=1132155450, value=Косино}";"[]";"действует";"58702038";
"203";"Спартак";"Таганско-Краснопресненская линия";"Северо-Западный административный округ";"район Покровское-Стрешнево";"[]";"[]";"[]";"[]";"действует";"58702039";
"70";"Арбатская";"Филёвская линия";"Центральный административный округ";"район Арбат";"[]";"[]";"[]";"[]";"действует";"58702040";
"160";"Аннино";"Серпуховско-Тимирязевская линия";"Южный административный округ";"район Чертаново Южное";"[]";"[]";"[]";"[]";"действует";"58702041";
"155";"Севастопольская";"Серпуховско-Тимирязевская линия";"Юго-Западный административный округ";"район Зюзино";"[]";"[]";"[]";"[]";"действует";"58702042";
"102";"Профсоюзная";"Калужско-Рижская линия";"Юго-Западный административный округ";"Академический район";"[]";"[]";"[]";"[]";"действует";"58702043";
"49";"Арбатская";"Арбатско-Покровская линия";"Центральный административный округ";"район Арбат";"[]";"[]";"[]";"[]";"действует";"58702044";
"185";"Улица Горчакова";"Бутовская линия";"Юго-Западный административный округ";"район Южное Бутово";"[]";"[]";"[]";"[]";"действует";"58702045";
"58";"Мякинино";"Арбатско-Покровская линия";"Северо-Западный административный округ";"район Строгино";"[]";"[]";"[]";"[]";"действует";"58702046";
"98";"Октябрьская";"Калужско-Рижская линия";"Центральный административный округ";"район Якиманка";"[]";"[]";"[]";"[]";"действует";"58702047";
"62";"Пионерская";"Филёвская линия";"Западный административный округ";"район Фили-Давыдково";"[]";"[]";"[]";"[]";"действует";"58702048";
"134";"Площадь Ильича";"Калининская линия";"Центральный административный округ";"Таганский район";"{global_id=2616713724, value=Серп и Молот}";"[]";"{global_id=1132155410, value=Москва-Товарная}";"[]";"действует";"58702049";
"269";"Рассказовка";"Солнцевская линия";"Новомосковский административный округ";"поселение Внуковское";"[]";"[]";"[]";"[]";"действует";"58702050";
"253";"Нагатинский Затон";"Большая кольцевая линия";"Южный административный округ";"район Нагатинский Затон";"[]";"[]";"[]";"[]";"действует";"58702051";
"42";"Измайловская";"Арбатско-Покровская линия";"Восточный административный округ";"район Измайлово";"[]";"[]";"[]";"[]";"действует";"58702052";
"226";"Косино";"Некрасовская линия";"Юго-Восточный административный округ";"район Выхино-Жулебино";"{global_id=2608949026, value=Косино}";"[]";"{global_id=1132155450, value=Косино}";"[]";"действует";"58702053";
"215";"Битцевский парк";"Бутовская линия";"Юго-Западный административный округ";"район Ясенево";"[]";"[]";"[]";"[]";"действует";"58702054";
"36";"Сокол";"Замоскворецкая линия";"Северный административный округ";"район Сокол";"[]";"[]";"[]";"[]";"действует";"58702055";
"261";"Рижская";"Большая кольцевая линия";"Центральный административный округ";"Мещанский район";"{global_id=1058999474, value=Рижская}";"[]";"{global_id=1132155428, value=Рижская}";"[{global_id=1058611993, value=Рижский}]";"действует";"58702056";
"260";"Сокольники";"Большая кольцевая линия";"Восточный административный округ";"район Сокольники";"{global_id=2608947198, value=Митьково}";"[]";"[]";"[]";"действует";"58702057";
"69";"Смоленская";"Филёвская линия";"Центральный административный округ";"район Арбат";"[]";"[]";"[]";"[]";"действует";"58702058";
"13";"Парк культуры";"Сокольническая линия";"Центральный административный округ";"район Хамовники";"[]";"[]";"[]";"[]";"действует";"58702060";
"263";"Мичуринский проспект";"Солнцевская линия";"Западный административный округ";"район Раменки";"[]";"[]";"[]";"[]";"действует";"58702061";
"206";"Котельники";"Таганско-Краснопресненская линия";"Юго-Восточный административный округ";"район Выхино-Жулебино";"[]";"[]";"[]";"[]";"действует";"58702062";
"11";"Библиотека имени Ленина";"Сокольническая линия";"Центральный административный округ";"район Арбат";"[]";"[]";"[]";"[]";"действует";"58702063";
"229";"Некрасовка";"Некрасовская линия";"Юго-Восточный административный округ";"район Некрасовка";"[]";"[]";"[]";"[]";"действует";"58702064";
"124";"Волгоградский проспект";"Таганско-Краснопресненская линия";"Юго-Восточный административный округ";"Южнопортовый район";"[]";"[]";"[]";"[]";"действует";"58702065";
"164";"Трубная";"Люблинско-Дмитровская линия";"Центральный административный округ";"Мещанский район";"[]";"[]";"[]";"[]";"действует";"58702066";
"34";"Динамо";"Замоскворецкая линия";"Северный административный округ";"район Аэропорт";"[]";"[]";"[]";"[]";"действует";"58702067";
"91";"Алексеевская";"Калужско-Рижская линия";"Северо-Восточный административный округ";"Алексеевский район";"[]";"[]";"[]";"[]";"действует";"58702068";
"110";"Планерная";"Таганско-Краснопресненская линия";"Северо-Западный административный округ";"район Северное Тушино";"[]";"[]";"[]";"[]";"действует";"58702071";
"15";"Спортивная";"Сокольническая линия";"Центральный административный округ";"район Хамовники";"[]";"[]";"[]";"[]";"действует";"58702072";
"201";"Суворовская";"Кольцевая линия";"Центральный административный округ";"Мещанский район";"[]";"[]";"[]";"[]";"строится";"58702074";
"122";"Таганская";"Таганско-Краснопресненская линия";"Центральный административный округ";"Таганский район";"[]";"[]";"[]";"[]";"действует";"58702075";
"51";"Киевская";"Арбатско-Покровская линия";"Западный административный округ";"район Дорогомилово";"[]";"[]";"{global_id=1132155459, value=Киевский вокзал}";"[{global_id=1058616246, value=Киевский}]";"действует";"58702076";
"30";"Театральная";"Замоскворецкая линия";"Центральный административный округ";"Тверской район";"[]";"[]";"[]";"[]";"действует";"58702077";
"4";"Сокольники";"Сокольническая линия";"Восточный административный округ";"район Сокольники";"{global_id=2608947198, value=Митьково}";"[]";"[]";"[]";"действует";"58702078";
"217";"Деловой центр";"Солнцевская линия";"Центральный административный округ";"Пресненский район";"{global_id=1058903381, value=Тестовская}";"{global_id=1508985132, value=Тестовская}";"{global_id=1132155494, value=Тестовская}";"[]";"действует";"58702079";
"161";"Бульвар Дмитрия Донского";"Серпуховско-Тимирязевская линия";"Юго-Западный административный округ";"район Северное Бутово";"[]";"[]";"[]";"[]";"действует";"58702080";
"177";"Шипиловская";"Люблинско-Дмитровская линия";"Южный административный округ";"район Зябликово";"[]";"[]";"[]";"[]";"действует";"58702081";
"83";"Белорусская";"Кольцевая линия";"Центральный административный округ";"Тверской район";"{global_id=1058906594, value=Белорусская}";"{global_id=1508985008, value=Белорусский вокзал}";"{global_id=1132155385, value=Белорусская}";"[{global_id=1058611508, value=Белорусский}]";"действует";"58702083";
"149";"Полянка";"Серпуховско-Тимирязевская линия";"Центральный административный округ";"район Якиманка";"[]";"[]";"[]";"[]";"действует";"58702084";
"56";"Крылатское";"Арбатско-Покровская линия";"Западный административный округ";"район Крылатское";"[]";"[]";"[]";"[]";"действует";"58702085";
"111";"Сходненская";"Таганско-Краснопресненская линия";"Северо-Западный административный округ";"район Южное Тушино";"[]";"[]";"[]";"[]";"действует";"58702086";
"48";"Площадь Революции";"Арбатско-Покровская линия";"Центральный административный округ";"Тверской район";"[]";"[]";"[]";"[]";"действует";"58702087";
"19";"Юго-Западная";"Сокольническая линия";"Западный административный округ";"район Тропарёво-Никулино";"[]";"[]";"[]";"[]";"действует";"58702088";
"132";"Шоссе Энтузиастов";"Калининская линия";"Восточный административный округ";"район Перово";"[]";"[]";"[]";"[]";"действует";"58702089";
"96";"Китай-город";"Калужско-Рижская линия";"Центральный административный округ";"Тверской район";"[]";"[]";"[]";"[]";"действует";"58702090";
"113";"Щукинская";"Таганско-Краснопресненская линия";"Северо-Западный административный округ";"район Щукино";"{global_id=1058984955, value=Щукинская}";"[]";"{global_id=1132155510, value=Щукинская}";"[]";"действует";"58702091";
"216";"Лесопарковая";"Бутовская линия";"Юго-Западный административный округ";"район Северное Бутово";"[]";"[]";"[]";"[]";"действует";"58702092";
"130";"Новогиреево";"Калининская линия";"Восточный административный округ";"район Новогиреево";"{global_id=2616716786, value=Новогиреево}";"[]";"{global_id=1132155457, value=Новогиреево}";"[]";"действует";"58702093";
"47";"Курская";"Арбатско-Покровская линия";"Центральный административный округ";"Басманный район";"{global_id=1059233904, value=Курская}";"[]";"{global_id=1132155409, value=Курская}";"[{global_id=1058614652, value=Курский}]";"действует";"58702094";
"223";"Минская";"Солнцевская линия";"Западный административный округ";"район Дорогомилово";"{global_id=2616701750, value=Минская}";"[]";"{global_id=2363186137, value=Минская}";"[]";"действует";"58702098";
"67";"Студенческая";"Филёвская линия";"Западный административный округ";"район Дорогомилово";"[]";"[]";"[]";"[]";"действует";"58702099";
"158";"Пражская";"Серпуховско-Тимирязевская линия";"Южный административный округ";"район Чертаново Центральное";"[]";"[]";"[]";"[]";"действует";"58702100";
"74";"Парк культуры";"Кольцевая линия";"Центральный административный округ";"район Хамовники";"[]";"[]";"[]";"[]";"действует";"58702101";
"35";"Аэропорт";"Замоскворецкая линия";"Северный административный округ";"район Аэропорт";"[]";"[]";"[]";"[]";"действует";"58702102";
"81";"Проспект Мира";"Кольцевая линия";"Центральный административный округ";"Мещанский район";"[]";"[]";"[]";"[]";"действует";"58702103";
"97";"Третьяковская";"Калужско-Рижская линия";"Центральный административный округ";"район Замоскворечье";"[]";"[]";"[]";"[]";"действует";"58702104";
"162";"Марьина Роща";"Люблинско-Дмитровская линия";"Северо-Восточный административный округ";"район Марьина Роща";"{global_id=2577702298, value=Марьина Роща}";"[]";"{global_id=2577703365, value=Марьина Роща}";"[]";"действует";"58702105";
"121";"Китай-город";"Таганско-Краснопресненская линия";"Центральный административный округ";"Тверской район";"[]";"[]";"[]";"[]";"действует";"58702106";
"133";"Авиамоторная";"Калининская линия";"Юго-Восточный административный округ";"район Лефортово";"{global_id=2608948139, value=Авиамоторная}";"[]";"{global_id=1132155548, value=Авиамоторная}";"[]";"действует";"58702107";
"154";"Нахимовский проспект";"Серпуховско-Тимирязевская линия";"Юго-Западный административный округ";"район Зюзино";"[]";"[]";"[]";"[]";"действует";"58702108";
"196";"Алма-Атинская";"Замоскворецкая линия";"Южный административный округ";"район Братеево";"[]";"[]";"[]";"[]";"действует";"58702109";
"146";"Цветной бульвар";"Серпуховско-Тимирязевская линия";"Центральный административный округ";"Тверской район";"[]";"[]";"[]";"[]";"действует";"58702110";
"210";"Окружная";"Люблинско-Дмитровская линия";"Северный административный округ";"Тимирязевский район";"{global_id=1058907212, value=Окружная}";"{global_id=1508983290, value=Окружная}";"{global_id=1132046990, value=Окружная}";"[]";"действует";"58702111";
"76";"Добрынинская";"Кольцевая линия";"Центральный административный округ";"район Замоскворечье";"[]";"[]";"[]";"[]";"действует";"58702112";
"197";"Технопарк";"Замоскворецкая линия";"Южный административный округ";"район Нагатино-Садовники";"[]";"[]";"[]";"[]";"действует";"58702113";
"150";"Серпуховская";"Серпуховско-Тимирязевская линия";"Центральный административный округ";"район Замоскворечье";"[]";"[]";"[]";"[]";"действует";"58702114";
"25";"Каширская";"Замоскворецкая линия";"Южный административный округ";"район Нагатино-Садовники";"[]";"[]";"[]";"[]";"действует";"58702115";
"205";"Жулебино";"Таганско-Краснопресненская линия";"Юго-Восточный административный округ";"район Выхино-Жулебино";"[]";"[]";"[]";"[]";"действует";"58702116";
"212";"Селигерская";"Люблинско-Дмитровская линия";"Северный административный округ";"Бескудниковский район";"[]";"[]";"[]";"[]";"действует";"58702117";
"234";"Юго-Восточная";"Некрасовская линия";"Юго-Восточный административный округ";"район Выхино-Жулебино";"[]";"[]";"[]";"[]";"действует";"58702118";
"266";"Солнцево";"Солнцевская линия";"Западный административный округ";"район Солнцево";"[]";"[]";"[]";"[]";"действует";"58702119";
"200";"Пятницкое шоссе";"Арбатско-Покровская линия";"Северо-Западный административный округ";"район Митино";"[]";"[]";"[]";"[]";"действует";"58702120";
"183";"Улица Скобелевская";"Бутовская линия";"Юго-Западный административный округ";"район Южное Бутово";"[]";"[]";"[]";"[]";"действует";"58702121";
"16";"Воробьёвы горы";"Сокольническая линия";"Западный административный округ";"район Раменки";"[]";"[]";"[]";"[]";"действует";"58702122";
"246";"Мичуринский проспект";"Большая кольцевая линия";"Западный административный округ";"район Раменки";"[]";"[]";"[]";"[]";"действует";"58702123";
"211";"Верхние Лихоборы";"Люблинско-Дмитровская линия";"Северный административный округ";"Бескудниковский район";"[]";"[]";"[]";"[]";"действует";"58702124";
"57";"Строгино";"Арбатско-Покровская линия";"Северо-Западный административный округ";"район Строгино";"[]";"[]";"[]";"[]";"действует";"58702125";
"139";"Отрадное";"Серпуховско-Тимирязевская линия";"Северо-Восточный административный округ";"район Отрадное";"[]";"[]";"[]";"[]";"действует";"58702126";
"126";"Кузьминки";"Таганско-Краснопресненская линия";"Юго-Восточный административный округ";"район Кузьминки";"[]";"[]";"[]";"[]";"действует";"58702127";
"61";"Кунцевская";"Филёвская линия";"Западный административный округ";"район Кунцево";"{global_id=1058901824, value=Кунцевская}";"{global_id=1508986102, value=Кунцевская}";"{global_id=1132155392, value=Кунцевская}";"[]";"действует";"58702128";
"233";"Окская";"Некрасовская линия";"Юго-Восточный административный округ";"Рязанский район";"{global_id=2608949019, value=Вешняки}";"[]";"{global_id=1132155448, value=Вешняки}";"[]";"действует";"58702129";
"60";"Митино";"Арбатско-Покровская линия";"Северо-Западный административный округ";"район Митино";"[]";"[]";"[]";"[]";"действует";"58702130";
"101";"Академическая";"Калужско-Рижская линия";"Юго-Западный административный округ";"Академический район";"[]";"[]";"[]";"[]";"действует";"58702131";
"123";"Пролетарская";"Таганско-Краснопресненская линия";"Центральный административный округ";"Таганский район";"[]";"[]";"[]";"[]";"действует";"58702132";
"240";"Деловой центр";"Большая кольцевая линия";"Центральный административный округ";"Пресненский район";"{global_id=1058903381, value=Тестовская (Москва-Сити)}";"{global_id=1508985132, value=Тестовская}";"{global_id=1132155494, value=Тестовская}";"[]";"временно закрыт";"58702134";
"95";"Тургеневская";"Калужско-Рижская линия";"Центральный административный округ";"Красносельский район";"[]";"[]";"[]";"[]";"действует";"58702135";
"105";"Беляево";"Калужско-Рижская линия";"Юго-Западный административный округ";"район Коньково";"[]";"[]";"[]";"[]";"действует";"58702136";
"23";"Царицыно";"Замоскворецкая линия";"Южный административный округ";"район Царицыно";"{global_id=1059237948, value=Царицыно}";"[]";"{global_id=1132155420, value=Царицыно}";"[]";"действует";"58702137";
"219";"Волхонка";"Солнцевская линия";"Центральный административный округ";"район Хамовники";"[]";"[]";"[]";"[]";"строится";"58702138";
"68";"Киевская";"Филёвская линия";"Западный административный округ";"район Дорогомилово";"[]";"[]";"{global_id=1132155459, value=Киевский вокзал}";"[{global_id=1058616246, value=Киевский}]";"действует";"58702139";
"115";"Полежаевская";"Таганско-Краснопресненская линия";"Северный административный округ";"Хорошёвский район";"[]";"[]";"[]";"[]";"действует";"58702140";
"255";"Текстильщики";"Большая кольцевая линия";"Юго-Восточный административный округ";"район Текстильщики";"{global_id=1059235328, value=Текстильщики}";"[]";"{global_id=1132155413, value=Текстильщики}";"[]";"действует";"58702141";
"37";"Войковская";"Замоскворецкая линия";"Северный административный округ";"Войковский район";"{global_id=1058985425, value=Стрешнево}";"[]";"{global_id=1132155400, value=Стрешнево}";"[]";"действует";"58702142";
"195";"Саларьево";"Сокольническая линия";"Западный административный округ";"район Солнцево";"[]";"[]";"[]";"[]";"действует";"58702143";
"174";"Братиславская";"Люблинско-Дмитровская линия";"Юго-Восточный административный округ";"район Марьино";"[]";"[]";"[]";"[]";"действует";"58702144";
"157";"Южная";"Серпуховско-Тимирязевская линия";"Южный административный округ";"район Чертаново Центральное";"[]";"[]";"[]";"[]";"действует";"58702145";
"85";"Киевская";"Кольцевая линия";"Западный административный округ";"район Дорогомилово";"[]";"[]";"{global_id=1132155459, value=Киевский вокзал}";"[{global_id=1058616246, value=Киевский}]";"действует";"58702146";
"53";"Славянский бульвар";"Арбатско-Покровская линия";"Западный административный округ";"район Фили-Давыдково";"{global_id=1058902031, value=Славянский бульвар}";"{global_id=1508985977, value=Славянский бульвар}";"{global_id=1132155390, value=Славянский бульвар}";"[]";"действует";"58702147";
"88";"Свиблово";"Калужско-Рижская линия";"Северо-Восточный административный округ";"район Свиблово";"[]";"[]";"[]";"[]";"действует";"58702148";
"17";"Университет";"Сокольническая линия";"Западный административный округ";"район Раменки";"[]";"[]";"[]";"[]";"действует";"58702149";
"182";"Улица Старокачаловская";"Бутовская линия";"Юго-Западный административный округ";"район Северное Бутово";"[]";"[]";"[]";"[]";"действует";"58702150";
"45";"Электрозаводская";"Арбатско-Покровская линия";"Восточный административный округ";"район Соколиная Гора";"{global_id=2608947208, value=Электрозаводская}";"[]";"{global_id=1132155441, value=Электрозаводская}";"[]";"действует";"58702151";
"108";"Ясенево";"Калужско-Рижская линия";"Юго-Западный административный округ";"район Ясенево";"[]";"[]";"[]";"[]";"действует";"58702152";
"194";"Румянцево";"Сокольническая линия";"Новомосковский административный округ";"поселение Московский";"[]";"[]";"[]";"[]";"действует";"58702153";
"193";"Тропарёво";"Сокольническая линия";"Западный административный округ";"район Тропарёво-Никулино";"[]";"[]";"[]";"[]";"действует";"58702154";
"78";"Таганская";"Кольцевая линия";"Центральный административный округ";"Таганский район";"[]";"[]";"[]";"[]";"действует";"58702155";
"22";"Орехово";"Замоскворецкая линия";"Южный административный округ";"район Орехово-Борисово Северное";"[]";"[]";"[]";"[]";"действует";"58702157";
"131";"Перово";"Калининская линия";"Восточный административный округ";"район Новогиреево";"[]";"[]";"[]";"[]";"действует";"58702158";
"169";"Дубровка";"Люблинско-Дмитровская линия";"Юго-Восточный административный округ";"Южнопортовый район";"[]";"[]";"[]";"[]";"действует";"58702160";
"252";"Каширская";"Большая кольцевая линия";"Южный административный округ";"район Москворечье-Сабурово";"[]";"[]";"[]";"[]";"действует";"58702161";
"44";"Семёновская";"Арбатско-Покровская линия";"Восточный административный округ";"район Соколиная Гора";"[]";"[]";"[]";"[]";"действует";"58702162";
"232";"Стахановская";"Некрасовская линия";"Юго-Восточный административный округ";"Рязанский район";"[]";"[]";"[]";"[]";"действует";"58702163";
"54";"Кунцевская";"Арбатско-Покровская линия";"Западный административный округ";"район Кунцево";"{global_id=1058901824, value=Кунцевская}";"{global_id=1508986102, value=Кунцевская}";"{global_id=1132155392, value=Кунцевская}";"[]";"действует";"58702164";
"209";"Петровско-Разумовская";"Люблинско-Дмитровская линия";"Северный административный округ";"Тимирязевский район";"{global_id=2608946922, value=Петровско-Разумовская}";"[]";"{global_id=1132155430, value=Петровско-Разумовская}";"[]";"действует";"58702165";
"107";"Тёплый стан";"Калужско-Рижская линия";"Юго-Западный административный округ";"район Ясенево";"[]";"[]";"[]";"[]";"действует";"58702166";
"128";"Выхино";"Таганско-Краснопресненская линия";"Юго-Восточный административный округ";"район Выхино-Жулебино";"{global_id=2608949023, value=Выхино}";"[]";"{global_id=1132155449, value=Выхино}";"[]";"действует";"58702168";
"24";"Кантемировская";"Замоскворецкая линия";"Южный административный округ";"район Царицыно";"[]";"[]";"[]";"[]";"действует";"58702170";
"55";"Молодёжная";"Арбатско-Покровская линия";"Западный административный округ";"район Кунцево";"[]";"[]";"[]";"[]";"действует";"58702172";
"140";"Владыкино";"Серпуховско-Тимирязевская линия";"Северо-Восточный административный округ";"район Отрадное";"[]";"[]";"[]";"[]";"действует";"58702173";
"168";"Крестьянская застава";"Люблинско-Дмитровская линия";"Центральный административный округ";"Таганский район";"[]";"[]";"[]";"[]";"действует";"58702174";
"238";"Хорошёвская";"Большая кольцевая линия";"Северный административный округ";"Хорошёвский район";"[]";"[]";"[]";"[]";"действует";"58702175";
"178";"Зябликово";"Люблинско-Дмитровская линия";"Южный административный округ";"район Зябликово";"[]";"[]";"[]";"[]";"действует";"58702176";
"141";"Петровско-Разумовская";"Серпуховско-Тимирязевская линия";"Северный административный округ";"Тимирязевский район";"{global_id=2608946922, value=Петровско-Разумовская}";"[]";"{global_id=1132155430, value=Петровско-Разумовская}";"[]";"действует";"58702177";
"5";"Красносельская";"Сокольническая линия";"Центральный административный округ";"Красносельский район";"[]";"[]";"[]";"[]";"действует";"58702178";
"8";"Чистые пруды";"Сокольническая линия";"Центральный административный округ";"Басманный район";"[]";"[]";"[]";"[]";"действует";"58702180";
"214";"Лианозово";"Люблинско-Дмитровская линия";"Северный административный округ";"район Восточное Дегунино";"{global_id=1058907703, value=Лианозово}";"[]";"{global_id=1132155380, value=Лианозово}";"[]";"действует";"58702181";
"80";"Комсомольская";"Кольцевая линия";"Центральный административный округ";"Красносельский район";"{global_id=2616711959, value=Площадь трёх вокзалов}";"[]";"{global_id=1132155426, value=Ленинградский вокзал}";"[{global_id=1058613060, value=Ленинградский}, {global_id=1058611738, value=Казанский}, {global_id=1058612845, value=Ярославский}]";"действует";"58702182";
"165";"Сретенский бульвар";"Люблинско-Дмитровская линия";"Центральный административный округ";"Красносельский район";"[]";"[]";"[]";"[]";"действует";"58702183";
"247";"Проспект Вернадского";"Большая кольцевая линия";"Западный административный округ";"район Раменки";"[]";"[]";"[]";"[]";"действует";"58702184";
"148";"Боровицкая";"Серпуховско-Тимирязевская линия";"Центральный административный округ";"район Арбат";"[]";"[]";"[]";"[]";"действует";"58702185";
"138";"Бибирево";"Серпуховско-Тимирязевская линия";"Северо-Восточный административный округ";"район Бибирево";"[]";"[]";"[]";"[]";"действует";"58702186";
"39";"Речной вокзал";"Замоскворецкая линия";"Северный административный округ";"район Левобережный";"[]";"[]";"[]";"[]";"действует";"58702187";
"173";"Люблино";"Люблинско-Дмитровская линия";"Юго-Восточный административный округ";"район Люблино";"[]";"[]";"[]";"[]";"действует";"58702188";
"207";"Бутырская";"Люблинско-Дмитровская линия";"Северо-Восточный административный округ";"Бутырский район";"{global_id=2608947179, value=Останкино}";"[]";"{global_id=1132155429, value=Останкино}";"[]";"действует";"58702189";
"114";"Октябрьское поле";"Таганско-Краснопресненская линия";"Северо-Западный административный округ";"район Щукино";"[]";"[]";"[]";"[]";"действует";"58702190";
"29";"Новокузнецкая";"Замоскворецкая линия";"Центральный административный округ";"район Замоскворечье";"[]";"[]";"[]";"[]";"действует";"58702191";
"66";"Кутузовская";"Филёвская линия";"Западный административный округ";"район Дорогомилово";"{global_id=2616703635, value=Кутузовская}";"[]";"{global_id=2616728372, value=Кутузовская}";"[]";"действует";"58702192";
"112";"Тушинская";"Таганско-Краснопресненская линия";"Северо-Западный административный округ";"район Покровское-Стрешнево";"{global_id=1058984243, value=Тушинская}";"[]";"{global_id=1132155511, value=Тушинская}";"[]";"действует";"58702194";
"26";"Коломенская";"Замоскворецкая линия";"Южный административный округ";"район Нагатино-Садовники";"[]";"[]";"[]";"[]";"действует";"58702195";
"75";"Октябрьская";"Кольцевая линия";"Центральный административный округ";"район Якиманка";"[]";"[]";"[]";"[]";"действует";"58702196";
"18";"Проспект Вернадского";"Сокольническая линия";"Западный административный округ";"район Проспект Вернадского";"[]";"[]";"[]";"[]";"действует";"58702197";
"153";"Нагорная";"Серпуховско-Тимирязевская линия";"Южный административный округ";"Нагорный район";"[]";"[]";"[]";"[]";"действует";"58702198";
"72";"Деловой центр";"Филевская линия";"Центральный административный округ";"Пресненский район";"[]";"[]";"[]";"[]";"действует";"58702199";
"186";"Бунинская аллея";"Бутовская линия";"Юго-Западный административный округ";"район Южное Бутово";"[]";"[]";"[]";"[]";"действует";"58702200";
"92";"Рижская";"Калужско-Рижская линия";"Центральный административный округ";"Мещанский район";"{global_id=1058999474, value=Рижская}";"[]";"{global_id=1132155428, value=Рижская}";"[{global_id=1058611993, value=Рижский}]";"действует";"58702201";
"109";"Новоясеневская";"Калужско-Рижская линия";"Юго-Западный административный округ";"район Ясенево";"[]";"[]";"[]";"[]";"действует";"58702203";
"46";"Бауманская";"Арбатско-Покровская линия";"Центральный административный округ";"Басманный район";"[]";"[]";"[]";"[]";"действует";"58702204";
"1";"Бульвар Рокоссовского";"Сокольническая линия";"Восточный административный округ";"район Богородское";"[]";"[]";"[]";"[]";"действует";"58702205";
"2";"Черкизовская";"Сокольническая линия";"Восточный административный округ";"район Преображенское";"[]";"[]";"[]";"[{global_id=1124877069, value=Восточный}]";"действует";"58702206";
"106";"Коньково";"Калужско-Рижская линия";"Юго-Западный административный округ";"район Тёплый Стан";"[]";"[]";"[]";"[]";"действует";"58702207";
"145";"Менделеевская";"Серпуховско-Тимирязевская линия";"Центральный административный округ";"Тверской район";"[]";"[]";"[]";"[]";"действует";"58702208";
"227";"Улица Дмитриевского";"Некрасовская линия";"Восточный административный округ";"район Косино-Ухтомский";"[]";"[]";"[]";"[]";"действует";"58702209";
"259";"Электрозаводская";"Большая кольцевая линия";"Восточный административный округ";"район Соколиная Гора";"{global_id=2608947208, value=Электрозаводская}";"[]";"{global_id=1132155441, value=Электрозаводская}";"[]";"действует";"58702210";
"225";"Раменки";"Солнцевская линия";"Западный административный округ";"район Раменки";"[]";"[]";"[]";"[]";"действует";"58702211";
"50";"Смоленская";"Арбатско-Покровская линия";"Центральный административный округ";"район Арбат";"[]";"[]";"[]";"[]";"действует";"58702212";
"118";"Баррикадная";"Таганско-Краснопресненская линия";"Центральный административный округ";"Пресненский район";"[]";"[]";"[]";"[]";"действует";"58702213";
"64";"Багратионовская";"Филёвская линия";"Западный административный округ";"район Филёвский Парк";"[]";"[]";"[]";"[]";"действует";"58702214";
"87";"Бабушкинская";"Калужско-Рижская линия";"Северо-Восточный административный округ";"Бабушкинский район";"[]";"[]";"[]";"[]";"действует";"58702215";
"12";"Кропоткинская";"Сокольническая линия";"Центральный административный округ";"район Хамовники";"[]";"[]";"[]";"[]";"действует";"58702216";
"93";"Проспект Мира";"Калужско-Рижская линия";"Центральный административный округ";"Мещанский район";"[]";"[]";"[]";"[]";"действует";"58702217";
"94";"Сухаревская";"Калужско-Рижская линия";"Центральный административный округ";"Красносельский район";"[]";"[]";"[]";"[]";"действует";"58702218";
"7";"Красные ворота";"Сокольническая линия";"Центральный административный округ";"Красносельский район";"[]";"[]";"[]";"[]";"действует";"58702220";
"171";"Печатники";"Люблинско-Дмитровская линия";"Юго-Восточный административный округ";"район Печатники";"{global_id=2372331630, value=Печатники}";"[]";"{global_id=2370945789, value=Печатники}";"[]";"действует";"58702221";
"127";"Рязанский проспект";"Таганско-Краснопресненская линия";"Юго-Восточный административный округ";"Рязанский район";"{global_id=2608949019, value=Вешняки}";"[]";"{global_id=1132155448, value=Вешняки}";"[]";"действует";"58702223";
"167";"Римская";"Люблинско-Дмитровская линия";"Центральный административный округ";"Таганский район";"{global_id=2616713724, value=Серп и Молот}";"[]";"{global_id=1132155410, value=Москва-Товарная}";"[]";"действует";"58702224";
"71";"Александровский сад";"Филёвская линия";"Центральный административный округ";"Тверской район";"[]";"[]";"[]";"[]";"действует";"58702225";
"100";"Ленинский проспект";"Калужско-Рижская линия";"Южный административный округ";"Донской район";"[]";"[]";"[]";"[]";"действует";"58702226";
"147";"Чеховская";"Серпуховско-Тимирязевская линия";"Центральный административный округ";"Тверской район";"[]";"[]";"[]";"[]";"действует";"58702227";
"254";"Печатники";"Большая кольцевая линия";"Юго-Восточный административный округ";"район Печатники";"{global_id=2372331630, value=Печатники}";"[]";"{global_id=2370945789, value=Печатники}";"[]";"действует";"58702228";
"40";"Щёлковская";"Арбатско-Покровская линия";"Восточный административный округ";"район Гольяново";"[]";"[]";"[]";"[]";"действует";"58702229";
"199";"Ховрино";"Замоскворецкая линия";"Северный административный округ";"район Ховрино";"{global_id=2608946046, value=Ховрино}";"[]";"{global_id=1132155434, value=Ховрино}";"[]";"действует";"58702230";
"284";"Шелепиха";"Московское центральное кольцо";"Центральный административный округ";"Пресненский район";"{global_id=1058903381, value=Тестовская}";"{global_id=1508985132, value=Тестовская}";"{global_id=1132155494, value=Тестовская}";"[]";"действует";"277904735";
"288";"Площадь Гагарина";"Московское центральное кольцо";"Юго-Западный административный округ";"Гагаринский район";"[]";"[]";"[]";"[]";"действует";"277904736";
"280";"Лихоборы";"Московское центральное кольцо";"Северный административный округ";"район Коптево";"{global_id=2608946727, value=Лихоборы}";"[]";"{global_id=1132155537, value=Лихоборы}";"[]";"действует";"277904737";
"292";"Автозаводская";"Московское центральное кольцо";"Южный административный округ";"Даниловский район";"[]";"[]";"[]";"[]";"действует";"277904738";
"271";"Шоссе Энтузиастов";"Московское центральное кольцо";"Восточный административный округ";"район Соколиная Гора";"[]";"[]";"[]";"[]";"действует";"277904739";
"283";"Хорошёво";"Московское центральное кольцо";"Северный административный округ";"Хорошёвский район";"[]";"[]";"[]";"[]";"действует";"277904740";
"296";"Соколиная Гора";"Московское центральное кольцо";"Восточный административный округ";"район Соколиная Гора";"[]";"[]";"[]";"[]";"действует";"277904741";
"273";"Локомотив";"Московское центральное кольцо";"Восточный административный округ";"район Преображенское";"[]";"[]";"[]";"[{global_id=1124877069, value=Восточный}]";"действует";"277904742";
"286";"Кутузовская";"Московское центральное кольцо";"Западный административный округ";"район Дорогомилово";"{global_id=2616703635, value=Кутузовская}";"[]";"{global_id=2616728372, value=Кутузовская}";"[]";"действует";"277904743";
"281";"Балтийская";"Московское центральное кольцо";"Северный административный округ";"Войковский район";"[]";"[]";"[]";"[]";"действует";"277904744";
"278";"Владыкино";"Московское центральное кольцо";"Северо-Восточный административный округ";"район Марфино";"[]";"[]";"[]";"[]";"действует";"277904745";
"293";"Угрешская";"Московское центральное кольцо";"Юго-Восточный административный округ";"район Печатники";"[]";"[]";"[]";"[]";"действует";"277904746";
"277";"Ботанический сад";"Московское центральное кольцо";"Северо-Восточный административный округ";"район Свиблово";"[]";"[]";"[]";"[]";"действует";"277904747";
"270";"Андроновка";"Московское центральное кольцо";"Восточный административный округ";"район Перово";"{global_id=2608948202, value=Андроновка}";"[]";"{global_id=1132155444, value=Андроновка}";"[]";"действует";"277904748";
"297";"Дубровка";"Московское центральное кольцо";"Юго-Восточный административный округ";"Южнопортовый район";"[]";"[]";"[]";"[]";"действует";"277904749";
"272";"Измайлово";"Московское центральное кольцо";"Восточный административный округ";"район Соколиная Гора";"[]";"[]";"[]";"[]";"действует";"277904750";
"287";"Лужники";"Московское центральное кольцо";"Центральный административный округ";"район Хамовники";"[]";"[]";"[]";"[]";"действует";"277904751";
"295";"Нижегородская";"Московское центральное кольцо";"Юго-Восточный административный округ";"Нижегородский район";"{global_id=2616714661, value=Нижегородская}";"[]";"{global_id=1132155557, value=Нижегородская}";"[]";"действует";"277904752";
"294";"Новохохловская";"Московское центральное кольцо";"Юго-Восточный административный округ";"Нижегородский район";"{global_id=1059235164, value=Новохохловская}";"[]";"[]";"[]";"действует";"277904753";
"291";"ЗИЛ";"Московское центральное кольцо";"Южный административный округ";"Даниловский район";"[]";"[]";"[]";"[]";"действует";"277904754";
"290";"Верхние Котлы";"Московское центральное кольцо";"Южный административный округ";"Нагорный район";"[]";"{global_id=1508979796, value=Верхние Котлы}";"{global_id=1132155488, value=Верхние Котлы}";"[]";"действует";"277904755";
"275";"Белокаменная";"Московское центральное кольцо";"Восточный административный округ";"район Богородское";"[]";"[]";"[]";"[]";"действует";"277904756";
"276";"Ростокино";"Московское центральное кольцо";"Северо-Восточный административный округ";"район Ростокино";"[]";"[]";"{global_id=1132155477, value=Ростокино}";"[]";"действует";"277904757";
"285";"Москва-Сити";"Московское центральное кольцо";"Центральный административный округ";"Пресненский район";"{global_id=1058903381, value=Тестовская}";"{global_id=1508985132, value=Тестовская}";"{global_id=1132155494, value=Тестовская}";"[]";"действует";"277904758";
"274";"Бульвар Рокоссовского";"Московское центральное кольцо";"Восточный административный округ";"район Богородское";"[]";"[]";"[]";"[]";"действует";"277904759";
"282";"Стрешнево";"Московское центральное кольцо";"Северный административный округ";"район Сокол";"{global_id=1058985425, value=Стрешнево}";"[]";"{global_id=1132155400, value=Стрешнево}";"[]";"действует";"277904760";
"289";"Крымская";"Московское центральное кольцо";"Южный административный округ";"Донской район";"[]";"[]";"[]";"[]";"действует";"277904761";
"279";"Окружная";"Московское центральное кольцо";"Северный административный округ";"Тимирязевский район";"{global_id=1058907212, value=Окружная}";"{global_id=1508983290, value=Окружная}";"{global_id=1132046990, value=Окружная}";"[]";"действует";"277904762";
"298";"Петровский парк";"Большая кольцевая линия";"Северный административный округ";"район Аэропорт";"[]";"[]";"[]";"[]";"действует";"696737361";
"299";"ЦСКА";"Большая кольцевая линия";"Северный административный округ";"Хорошёвский район";"[]";"[]";"[]";"[]";"действует";"696742167";
"300";"Шелепиха";"Большая кольцевая линия";"Центральный административный округ";"Пресненский район";"{global_id=1058903381, value=Тестовская (Москва-Сити)}";"{global_id=1508985132, value=Тестовская}";"{global_id=1132155494, value=Тестовская}";"[]";"временно закрыт";"696749112";
"301";"Озёрная";"Солнцевская линия";"Западный административный округ";"район Очаково-Матвеевское";"[]";"[]";"[]";"[]";"действует";"886123736";
"302";"Говорово";"Солнцевская линия";"Западный административный округ";"район Солнцево";"{global_id=2616192337, value=Солнечная}";"[]";"{global_id=1132155463, value=Солнечная}";"[]";"действует";"886123738";
"303";"Беломорская";"Замоскворецкая линия";"Северный административный округ";"район Левобережный";"[]";"[]";"[]";"[]";"действует";"904474367";
"304";"Зорге";"Московское центральное кольцо";"Северо-Западный административный округ";"район Хорошёво-Мнёвники";"[]";"[]";"[]";"[]";"действует";"905932318";
"305";"Панфиловская";"Московское центральное кольцо";"Северо-Западный административный округ";"район Щукино";"[]";"[]";"[]";"[]";"действует";"905932372";
"306";"Коптево";"Московское центральное кольцо";"Северный административный округ";"район Коптево";"[]";"[]";"[]";"[]";"действует";"905932373";
"307";"Савёловская";"Большая кольцевая линия";"Северный административный округ";"Савёловский район";"{global_id=2616710298, value=Савёловская}";"{global_id=1508984420, value=Савёловская}";"{global_id=2616731932, value=Савёловская}";"[{global_id=1058615229, value=Савёловский}]";"действует";"906044097";
"308";"Филатов луг";"Сокольническая линия";"Новомосковский административный округ";"поселение Сосенское";"[]";"[]";"[]";"[]";"действует";"930063626";
"309";"Прокшино";"Сокольническая линия";"Новомосковский административный округ";"поселение Сосенское";"[]";"[]";"[]";"[]";"действует";"930063627";
"310";"Ольховая";"Сокольническая линия";"Новомосковский административный округ";"поселение Сосенское";"[]";"[]";"[]";"[]";"действует";"930063628";
"311";"Новомосковская";"Сокольническая линия";"Новомосковский административный округ";"поселение Сосенское";"[]";"[]";"[]";"[]";"действует";"930063629";
"315";"Лефортово";"Большая кольцевая линия";"Юго-Восточный административный округ";"район Лефортово";"[]";"[]";"[]";"[]";"действует";"1045820903";
"312";"Зюзино";"Большая кольцевая линия";"Юго-Западный административный округ";"район Зюзино";"[]";"[]";"[]";"[]";"действует";"1045820911";
"316";"Народное Ополчение";"Большая кольцевая линия";"Северо-Западный административный округ";"район Хорошёво-Мнёвники";"[]";"[]";"[]";"[]";"действует";"1103704696";
"318";"Давыдково";"Большая кольцевая линия";"Западный административный округ";"Можайский район";"[]";"[]";"[]";"[]";"действует";"1266781625";
"324";"Аминьевская";"Большая кольцевая линия";"Западный административный округ";"район Очаково-Матвеевское";"{global_id=2616700783, value=Аминьевская}";"[]";"{global_id=1272850193, value=Аминьевская}";"[]";"действует";"1266781654";
"320";"Новаторская";"Большая кольцевая линия";"Юго-Западный административный округ";"Обручевский район";"[]";"[]";"[]";"[]";"действует";"1266781655";
"321";"Варшавская";"Большая кольцевая линия";"Южный административный округ";"район Москворечье-Сабурово";"[]";"[]";"{global_id=1132155586, value=Варшавская}";"[]";"действует";"2373307655";
"322";"Марьина Роща";"Большая кольцевая линия";"Северо-Восточный административный округ";"район Марьина Роща";"{global_id=2616711070, value=Марьина Роща}";"[]";"{global_id=2616732060, value=Марьина Роща}";"[]";"действует";"2536249332";
"323";"Кленовый бульвар";"Большая кольцевая линия";"Южный административный округ";"район Нагатинский Затон";"[]";"[]";"[]";"[]";"действует";"2536249481";
"328";"Пыхтино";"Солнцевская линия";"Новомосковский административный округ";"поселение Внуковское";"[]";"[]";"[]";"[]";"действует";"2615650327";
"325";"Аэропорт Внуково";"Солнцевская линия";"Западный административный округ";"район Внуково";"[]";"[]";"{global_id=2608387310, value=Аэропорт}";"[]";"действует";"2615650424";
"326";"Яхромская";"Люблинско-Дмитровская линия";"Северный административный округ";"район Восточное Дегунино";"[]";"[]";"[]";"[]";"действует";"2615990671";
"327";"Физтех";"Люблинско-Дмитровская линия";"Северо-Восточный административный округ";"район Северный";"[]";"[]";"[]";"[]";"действует";"2615990718";
"329";"Потапово";"Сокольническая линия";"Новомосковский административный округ";"поселение Сосенское";"[]";"[]";"[]";"[]";"действует";"2697531570";
"330";"Новаторская";"Троицкая линия";"Юго-Западный административный округ";"Обручевский район";"[]";"[]";"[]";"[]";"действует";"2699225578";
"331";"Университет Дружбы Народов";"Троицкая линия";"Юго-Западный административный округ";"Обручевский район";"[]";"[]";"[]";"[]";"действует";"2699225589";
"332";"Генерала Тюленева";"Троицкая линия";"Юго-Западный административный округ";"район Тёплый Стан";"[]";"[]";"[]";"[]";"действует";"2699225592";
"333";"Тютчевская";"Троицкая линия";"Новомосковский административный округ";"поселение Сосенское";"[]";"[]";"[]";"[]";"действует";"2699225595";
"334";"Коммунарка";"Троицкая линия";"Новомосковский административный округ";"район Коммунарка";"[]";"[]";"[]";"[]";"действует";"2721603336";
"335";"Корниловская";"Троицкая линия";"Новомосковский административный округ";"район Коммунарка";"[]";"[]";"[]";"[]";"действует";"2721603408";
"336";"Новомосковская";"Троицкая линия";"Новомосковский административный округ";"район Коммунарка";"[]";"[]";"[]";"[]";"действует";"2722038943";
"337";"Вавиловская";"Троицкая линия";"Юго-Западный административный округ";"Гагаринский район";"[]";"[]";"[]";"[]";"действует";"2801754430";
"338";"Академическая";"Троицкая линия";"Юго-Западный административный округ";"Академический район";"[]";"[]";"[]";"[]";"действует";"2801754457";
"339";"Крымская";"Троицкая линия";"Южный административный округ";"Донской район";"[]";"[]";"[]";"[]";"действует";"2801754495";
"340";"ЗИЛ";"Троицкая линия";"Южный административный округ";"Даниловский район";"[]";"[]";"[]";"[]";"действует";"2801754511";
